claims,deductible,coverage,age,type,location,prior_claims,premium
22.67,1.44,165.7,2,1,1,0,2.23
3.34,6.52,59.9,8,0,0,1,0.84
20.57,3.13,214.9,44,0,1,0,3.01
18.33,2.33,233.5,16,0,1,0,3.24
14.52,0.84,148.8,18,1,1,0,2.39
24.0,0.84,303.0,16,0,0,0,2.67
6.55,0.62,93.1,4,1,0,0,1.32
4.12,4.52,75.2,9,1,1,0,1.89
18.23,2.34,201.8,22,0,1,0,2.86
19.61,2.96,263.5,3,0,0,1,2.98
22.48,0.54,311.3,6,1,1,0,3.4
12.73,7.51,150.6,6,1,1,1,2.3
20.18,4.07,265.9,9,1,1,1,3.82
20.0,0.98,182.1,60,0,0,0,3.41
22.19,0.9,172.1,2,1,1,1,3.2
27.93,0.91,251.3,12,0,1,3,3.82
17.56,1.23,233.9,4,1,1,0,3.36
11.49,1.99,66.8,54,1,1,0,2.6
23.2,1.63,295.7,3,1,1,0,3.43
28.89,1.19,288.5,9,1,1,1,4.16
16.48,2.39,138.1,21,1,1,0,2.36
26.37,0.8,214.7,19,0,1,2,2.95
17.55,1.19,222.1,9,0,1,0,2.87
15.38,1.41,204.6,7,0,1,0,2.58
11.38,1.72,143.7,9,0,0,0,1.72
8.39,3.58,134.6,6,0,0,0,1.88
18.98,0.95,183.1,4,1,1,1,3.19
21.13,1.94,273.0,11,0,0,0,2.45
23.29,2.3,225.8,6,1,1,3,4.13
14.8,0.6,157.2,6,1,0,0,1.49
20.41,2.37,242.9,17,1,1,1,3.65
10.2,0.87,50.0,53,1,1,0,2.35
25.64,0.63,271.2,15,1,1,1,4.02
2.07,6.45,54.5,2,0,1,0,0.85
9.26,7.24,157.8,2,1,0,1,2.38
8.7,3.8,101.0,46,1,1,0,1.76
8.05,1.23,87.9,6,1,1,0,1.99
22.37,0.71,272.1,2,1,1,0,3.19
15.54,2.81,149.9,15,1,0,0,2.33
21.9,1.66,211.0,16,1,1,2,3.36
15.66,0.76,181.5,17,1,1,0,2.91
17.29,1.87,220.8,6,1,0,0,3.18
21.56,0.57,190.8,1,0,1,0,2.19
9.59,5.3,88.8,51,0,1,0,2.63
18.26,1.1,259.7,5,1,0,0,2.72
20.08,2.67,148.0,18,1,1,2,3.32
11.38,1.25,68.3,19,1,1,1,1.87
12.61,1.97,152.9,15,0,1,0,2.46
21.38,2.08,297.6,7,1,0,0,3.37
17.71,0.91,248.8,6,1,1,0,2.74
14.37,7.49,158.9,15,0,0,2,2.63
18.36,3.48,158.8,31,1,0,2,3.51
16.61,6.11,160.9,45,1,1,0,3.46
20.86,5.0,340.8,3,1,0,0,4.03
18.39,2.32,213.6,4,0,1,1,2.85
19.35,5.6,217.3,44,0,1,1,3.31
27.99,0.69,262.3,21,0,0,1,3.49
22.42,0.94,202.9,33,1,0,2,4.42
15.9,0.59,165.6,4,1,1,1,2.32
16.85,1.29,170.3,14,0,1,1,2.46
18.51,1.48,179.6,19,0,1,0,2.7
18.46,1.13,182.2,18,1,1,1,3.26
22.15,4.03,239.6,9,0,1,2,3.43
16.63,1.38,188.9,1,1,1,1,3.0
22.41,1.16,239.9,14,1,1,0,3.49
14.84,2.06,178.9,5,0,1,0,2.2
28.37,0.8,190.9,10,1,1,4,4.27
11.96,3.74,50.0,48,0,0,0,2.04
25.85,0.65,253.7,9,1,0,1,3.33
11.67,9.17,211.0,28,1,1,0,3.59
24.99,3.46,259.9,4,0,1,0,3.47
9.16,0.94,50.0,18,0,1,1,1.59
29.67,0.51,341.6,58,1,1,0,4.52
18.44,3.88,174.5,3,1,1,1,2.97
19.98,2.95,268.1,1,0,0,1,2.68
10.08,3.11,107.0,10,1,1,1,2.07
15.34,3.45,231.0,2,0,1,0,1.97
15.86,0.65,106.0,22,0,1,1,2.27
14.26,1.39,138.2,38,1,1,0,2.86
29.11,0.75,328.6,10,1,1,1,4.07
19.93,4.48,170.7,5,1,0,2,3.48
20.34,2.45,201.3,10,0,1,1,3.31
19.54,1.3,250.3,20,1,1,0,3.98
22.22,0.63,222.2,1,1,1,0,2.81
17.36,1.24,196.3,14,1,0,1,3.41
16.08,1.29,212.4,15,1,1,0,3.09
24.55,3.12,365.3,16,1,1,0,4.3
15.42,2.53,180.7,5,1,0,1,2.61
16.01,4.86,200.1,20,0,1,1,2.42
24.43,1.78,263.8,2,0,1,2,3.84
23.55,0.75,267.9,4,0,1,1,3.67
23.17,3.0,274.0,32,1,1,1,3.77
18.18,3.36,232.9,21,1,1,0,3.28
17.19,2.15,99.3,1,0,1,2,2.61
22.69,3.45,307.5,5,1,1,0,3.45
14.34,1.86,99.0,5,0,1,2,2.75
21.13,1.98,207.7,6,0,1,2,3.24
22.79,1.62,128.4,5,1,1,2,2.77
14.14,0.55,180.2,2,0,1,0,2.56
20.56,0.73,209.7,10,0,0,0,2.1
16.95,0.56,209.1,21,1,1,0,2.88
22.07,2.52,216.6,15,1,1,0,2.76
22.88,1.25,306.0,18,1,1,0,3.47
18.58,1.92,219.0,2,1,1,1,3.24
15.31,5.26,166.7,46,1,1,0,3.1
25.05,1.07,257.3,28,1,1,1,4.16
22.06,1.56,274.2,26,0,1,0,2.89
9.06,3.32,92.9,27,1,1,0,1.95
24.54,1.02,229.8,41,1,0,1,3.87
18.99,0.66,237.6,13,0,1,0,3.3
11.52,1.18,162.7,4,1,1,0,2.5
26.11,0.85,288.2,15,0,1,1,3.53
12.84,5.81,173.7,21,1,1,1,2.76
21.14,3.8,194.4,21,1,1,2,3.58
12.29,2.51,172.0,12,1,1,0,2.6
14.71,4.6,186.2,2,0,1,1,1.92
7.92,3.76,102.8,8,1,0,1,1.82
22.29,0.91,77.0,39,0,0,4,3.27
21.66,4.96,304.6,14,1,1,1,4.04
8.9,2.05,121.5,13,1,1,0,2.22
7.93,3.79,110.6,6,1,0,1,2.02
10.11,5.03,50.0,8,0,1,0,1.41
13.96,1.27,137.1,35,0,1,0,2.53
13.73,0.73,85.8,17,1,1,1,2.32
26.05,1.02,308.2,24,1,1,1,4.54
24.02,1.61,260.7,10,1,1,2,4.25
9.9,3.91,133.4,16,1,1,0,1.95
22.99,4.44,353.9,5,1,1,0,3.92
36.73,0.51,258.6,19,0,1,3,4.62
24.21,1.93,160.6,9,0,0,2,3.08
10.89,1.58,50.0,10,1,1,1,2.11
27.76,1.0,356.8,17,1,1,0,4.12
18.09,0.76,80.8,42,0,1,2,3.11
5.8,1.32,61.6,2,0,0,0,1.28
25.23,6.23,261.7,27,1,0,1,3.87
27.34,1.28,368.0,6,1,1,0,4.13
27.29,1.96,288.8,10,1,1,2,4.24
13.4,2.93,227.3,1,1,0,0,2.24
15.89,1.4,229.6,6,1,1,0,2.9
19.67,7.64,249.0,11,1,1,0,3.01
19.06,7.06,241.9,2,0,1,2,3.27
25.09,1.08,206.1,11,1,1,3,4.5
19.49,1.88,192.8,40,1,1,1,4.03
16.61,1.22,180.3,3,1,1,0,1.99
11.79,1.17,128.5,23,0,1,0,1.86
19.68,0.58,163.9,9,0,0,1,2.28
4.1,2.38,58.0,17,1,0,0,1.41
16.57,1.9,177.6,6,1,0,0,2.44
17.08,0.61,110.9,4,0,0,2,1.89
16.45,1.15,102.2,4,1,1,3,3.39
17.92,5.28,198.5,2,1,1,2,3.41
20.68,1.05,289.4,4,1,1,0,3.29
21.24,0.81,253.9,17,1,0,1,3.57
14.93,1.84,67.2,33,1,1,1,2.47
4.74,8.99,110.8,26,0,0,0,1.3
26.74,1.05,255.6,18,0,1,2,3.91
8.93,2.73,111.3,3,1,0,1,2.05
17.76,3.37,168.2,6,0,1,2,2.68
24.11,1.04,226.3,7,1,1,1,3.68
9.76,3.11,112.4,5,1,0,1,2.4
27.59,1.42,192.9,12,1,1,2,4.31
13.63,2.5,84.9,13,0,0,0,1.69
12.26,2.51,139.9,8,1,1,1,2.49
14.44,2.03,209.0,8,1,1,0,2.56
16.22,0.69,65.5,27,0,1,1,2.02
19.44,4.11,218.0,24,0,1,1,3.12
14.0,1.27,183.5,7,0,1,0,2.34
25.03,0.91,226.4,38,1,1,2,3.91
23.68,0.58,201.8,47,1,1,1,4.15
25.79,2.29,287.3,7,1,1,1,3.87
21.4,2.76,194.4,8,1,1,3,4.07
18.63,0.53,152.8,12,0,1,2,2.62
22.02,1.94,194.2,43,1,0,0,3.29
27.62,1.01,225.7,32,1,1,2,4.64
14.94,2.57,188.7,3,0,1,0,2.01
19.94,0.88,188.0,8,1,1,1,2.8
16.04,2.85,132.4,13,1,1,2,3.33
14.36,1.48,135.3,11,0,1,0,1.71
3.26,6.02,79.8,4,0,0,0,1.15
28.06,0.8,316.2,30,0,0,1,4.47
13.8,1.33,91.7,18,1,1,1,2.23
13.75,0.74,133.0,28,1,1,0,3.09
18.12,5.67,131.1,30,0,0,0,2.05
22.54,4.7,252.1,22,1,1,2,3.92
18.54,1.1,162.9,10,1,1,0,2.68
26.63,2.66,278.6,15,0,1,0,3.26
10.85,3.9,134.5,4,1,1,1,2.56
21.48,2.12,205.9,18,0,0,1,2.68
12.31,2.01,122.3,4,1,1,1,2.49
33.52,1.05,345.9,19,1,1,1,3.93
9.04,0.7,95.9,5,1,1,0,1.93
17.71,5.05,208.2,3,0,0,1,3.01
13.1,5.11,232.5,4,1,0,0,2.21
14.12,2.51,216.0,1,1,1,0,2.63
17.48,1.33,171.1,20,0,1,1,2.61
21.3,1.36,175.3,21,0,1,2,2.87
18.23,3.09,188.3,12,0,0,1,2.03
12.97,5.05,174.0,4,1,0,1,2.32
17.35,4.86,257.3,2,1,1,0,3.03
28.26,3.53,350.8,1,0,0,2,4.47
14.12,2.55,143.2,4,0,1,1,1.87
9.53,0.68,82.3,34,1,1,0,2.43
17.09,0.85,178.4,5,1,1,0,2.59
35.65,5.08,378.5,8,0,1,0,4.39
9.3,2.36,124.7,3,1,1,0,2.23
22.7,0.52,307.9,5,0,1,0,3.45
31.2,0.71,310.8,12,1,1,3,5.14
12.43,2.68,143.5,15,1,1,0,2.17
19.54,0.51,227.7,5,0,1,0,2.45
30.62,0.85,307.1,2,1,1,2,4.63
10.96,2.09,156.6,8,1,1,0,1.8
16.86,2.85,169.7,5,1,1,1,2.65
11.59,2.61,141.4,5,1,1,0,1.83
16.09,1.01,108.9,49,0,0,1,2.82
11.19,2.99,136.3,15,0,0,0,1.76
8.38,1.04,93.2,13,0,0,0,1.69
17.69,1.29,187.6,9,1,1,1,3.05
12.9,3.24,127.3,9,1,1,0,1.73
14.78,2.6,202.5,13,1,1,0,2.43
9.7,4.28,68.3,19,0,1,0,1.62
17.8,2.64,209.8,19,0,1,0,2.53
20.36,2.18,247.5,4,0,1,1,3.0
6.49,0.7,50.0,11,1,0,0,1.7
19.69,1.42,213.1,9,1,1,1,3.51
27.86,1.12,277.1,32,1,0,2,5.0
10.23,1.06,94.3,16,1,0,1,2.18
26.17,7.72,310.4,12,1,1,3,4.73
14.91,1.5,216.4,3,0,0,0,2.42
15.9,4.95,132.1,15,1,1,3,3.39
14.53,2.49,180.8,3,1,0,1,2.55
14.77,3.67,226.9,7,1,1,0,2.89
19.46,1.9,190.7,3,0,0,0,2.58
17.42,2.22,225.4,19,1,1,0,3.39
14.34,1.86,115.9,4,0,0,1,2.15
20.27,0.93,197.7,8,0,1,1,3.32
10.56,3.06,79.0,35,1,1,0,2.6
12.9,1.16,176.7,4,0,0,0,1.65
16.03,0.55,117.2,12,1,0,0,2.24
10.7,2.57,129.8,9,1,1,0,2.52
24.48,0.89,277.7,1,0,1,0,3.14
21.11,6.14,266.8,25,0,1,1,3.68
10.73,6.66,230.7,2,1,0,0,2.85
6.61,5.43,103.1,11,1,0,0,1.84
16.4,1.42,161.3,13,1,0,2,2.86
21.95,0.53,276.0,16,1,1,0,3.31
11.99,5.77,195.6,19,1,1,0,3.16
29.08,1.62,358.9,5,1,1,1,4.1
18.22,7.3,214.5,1,1,0,0,2.29
13.26,7.13,199.4,20,0,1,0,2.92
13.01,4.33,161.8,13,1,0,0,2.39
17.66,1.2,195.0,28,1,1,0,3.29
18.28,1.47,173.6,27,1,1,1,2.96
26.75,4.31,238.1,29,0,1,1,3.75
23.55,1.26,256.8,11,1,1,0,3.08
15.95,0.87,126.1,7,1,1,1,2.24
11.09,2.13,85.2,25,1,1,1,2.43
3.97,6.0,50.0,10,0,1,0,1.71
16.41,2.88,223.1,4,1,0,1,2.96
14.77,2.19,102.2,30,0,1,1,3.18
12.11,0.7,50.0,33,0,1,1,1.54
22.26,2.41,214.1,10,0,1,1,2.55
36.16,9.72,372.0,2,0,1,4,5.71
14.25,0.8,184.5,8,1,0,0,2.91
18.2,1.96,247.9,25,1,1,0,3.22
18.47,4.7,191.1,36,0,0,0,2.77
11.39,3.2,177.6,4,1,1,0,2.71
20.99,2.89,253.9,2,1,1,1,3.4
16.54,2.92,163.2,32,0,1,1,3.09
15.67,1.39,205.1,8,1,1,0,2.8
28.41,1.2,209.1,13,1,1,1,2.89
16.9,3.81,134.9,53,1,0,2,3.64
19.61,3.82,259.4,2,1,1,1,3.52
12.47,4.54,171.9,17,0,1,0,2.45
11.12,5.39,128.3,2,1,1,0,1.55
20.53,1.93,225.2,8,1,1,0,3.19
10.56,1.89,117.6,25,1,1,0,2.48
18.09,3.7,187.1,10,0,1,2,2.88
23.13,2.6,184.3,85,0,1,0,4.41
18.62,2.92,266.4,13,1,1,0,3.29
17.2,3.68,220.6,7,0,1,0,2.52
11.91,4.91,183.1,5,1,0,1,2.96
21.59,1.32,246.3,7,0,1,1,3.78
25.7,1.44,289.3,8,1,1,1,4.08
19.4,0.7,226.8,2,0,0,1,3.0
19.9,2.23,185.8,8,1,1,1,2.75
7.63,0.57,86.6,10,1,1,0,1.92
20.29,1.75,105.1,20,1,1,4,3.68
29.38,2.06,162.1,17,0,1,0,2.55
12.96,1.18,139.3,20,1,1,0,2.75
14.21,2.29,171.0,1,0,0,0,2.38
15.63,0.56,189.2,5,1,0,1,2.17
18.46,0.58,224.7,17,1,0,0,2.75
19.09,3.96,179.7,11,1,0,2,3.65
16.45,1.39,221.5,1,0,1,0,2.07
20.07,0.77,189.8,25,1,1,0,3.26
7.76,1.98,50.0,23,0,0,0,1.7
8.56,3.44,114.5,13,0,0,0,1.67
17.64,0.99,174.2,2,0,1,1,2.11
11.65,2.45,94.3,23,1,0,1,2.38
21.69,0.68,230.0,14,0,1,1,3.66
28.12,0.61,299.8,24,0,1,1,4.44
20.98,2.02,276.4,22,1,1,0,3.71
15.15,2.06,169.0,25,0,1,0,2.26
26.6,2.53,296.8,12,1,1,1,4.54
16.58,3.09,196.2,3,1,1,1,3.28
16.74,7.95,159.7,18,1,1,1,2.76
11.3,1.95,139.0,16,1,1,0,2.53
17.08,1.28,162.3,21,1,1,1,3.21
11.76,3.67,155.9,4,1,0,0,1.94
16.79,1.13,197.8,4,0,1,0,2.47
18.3,1.66,197.0,34,1,1,0,3.59
15.06,0.66,185.2,22,1,1,0,2.83
20.15,0.55,217.8,37,1,1,0,3.84
17.97,7.07,274.3,22,1,0,1,3.31
38.75,4.12,256.2,15,0,1,1,4.12
5.42,2.88,73.6,17,1,0,0,1.75
15.93,1.55,50.0,34,0,1,1,2.5
24.29,0.88,255.1,14,1,1,1,3.79
12.18,0.84,82.5,16,0,1,1,1.83
19.35,1.08,168.1,4,1,1,2,3.21
11.22,2.09,97.2,11,1,1,0,1.42
10.56,3.01,50.0,20,0,1,0,1.71
17.79,2.66,225.6,6,1,1,1,3.38
18.61,1.16,241.9,4,0,1,0,2.66
9.91,6.7,141.8,7,0,0,1,2.4
8.18,3.18,50.0,5,1,1,2,2.31
14.7,2.12,144.0,5,1,1,1,2.83
19.32,2.39,214.4,9,1,1,0,3.18
13.22,1.59,74.1,37,0,1,1,2.27
24.36,1.07,198.8,12,0,1,2,3.08
13.8,1.38,183.9,4,1,0,0,1.83
16.84,3.34,228.4,2,1,0,1,3.1
18.65,0.53,194.0,19,1,1,1,3.47
18.16,0.75,112.0,8,0,1,2,2.16
29.28,0.59,274.7,27,1,1,1,4.56
16.51,0.58,173.1,17,1,1,0,2.48
15.53,4.37,183.0,25,0,1,1,2.43
16.33,2.93,115.0,6,1,1,3,3.69
16.94,1.79,151.8,19,1,1,2,2.8
12.38,0.71,118.6,6,0,1,0,2.06
19.82,1.85,172.0,43,0,1,0,3.15
25.08,1.78,313.4,16,1,1,1,4.32
13.87,0.88,82.1,7,1,1,1,2.04
9.66,1.64,64.0,6,1,1,1,2.18
24.82,1.52,295.3,4,1,0,1,3.96
21.93,2.41,169.3,19,0,1,0,2.14
8.08,2.52,134.8,5,1,0,0,2.27
29.24,0.59,263.0,15,0,1,1,3.78
11.25,1.44,139.6,6,0,1,0,2.02
31.52,2.47,322.0,17,1,1,3,4.95
25.44,1.9,235.8,26,1,1,1,4.09
17.65,4.38,148.4,24,1,0,1,3.02
26.54,2.65,346.8,22,0,1,0,3.61
13.32,0.86,139.6,4,0,1,0,1.79
20.01,0.65,240.7,2,1,1,0,3.21
19.19,2.56,207.4,19,0,0,0,2.57
20.7,0.55,282.6,8,1,1,0,3.75
24.28,2.26,302.1,9,0,0,0,2.99
12.05,6.13,187.4,1,1,0,1,2.42
16.05,2.21,128.5,6,1,1,2,3.61
15.78,1.48,219.5,2,0,0,0,1.79
14.67,2.56,134.2,33,1,0,1,2.78
38.08,1.73,336.0,5,1,1,3,5.07
15.86,2.08,195.2,13,1,1,0,3.12
17.45,6.18,157.6,2,1,1,1,2.89
18.52,1.48,198.9,17,1,1,1,4.02
6.06,7.0,84.0,7,0,1,0,1.48
17.32,5.22,112.1,35,1,1,2,3.13
27.36,0.94,275.0,34,1,1,1,4.21
13.61,0.64,135.7,7,0,1,0,1.83
15.95,0.71,106.5,36,1,1,1,2.95
32.88,0.54,225.2,84,1,0,2,4.79
25.77,0.7,273.9,27,0,0,0,3.47
18.85,2.8,238.9,29,0,1,0,3.3
26.51,0.65,259.7,5,0,1,1,2.9
15.32,1.27,128.2,14,0,1,1,2.7
2.87,4.23,78.4,2,1,0,0,1.22
26.41,0.55,297.6,2,0,1,0,2.77
18.17,3.87,160.8,85,1,1,0,4.01
21.3,1.16,166.2,7,0,0,2,2.24
21.38,0.75,284.6,22,1,0,0,3.69
24.11,2.89,226.7,26,0,0,3,3.18
18.06,2.48,219.2,30,0,0,0,2.54
29.9,4.7,347.4,85,0,1,0,5.65
14.36,3.16,136.7,5,1,1,1,2.39
15.89,3.75,254.6,2,1,1,0,2.92
19.14,1.16,189.3,9,0,1,1,3.18
17.21,0.89,205.1,3,0,0,1,2.36
19.43,3.28,299.6,1,1,1,0,3.65
24.26,3.79,223.1,8,0,1,2,3.8
16.62,9.81,225.4,24,0,0,2,3.73
21.08,1.56,265.4,14,1,1,0,2.97
20.09,1.43,157.6,7,0,0,1,2.12
13.36,3.5,122.1,17,1,0,1,3.33
14.54,1.33,106.6,5,1,1,1,2.21
3.7,5.84,50.0,1,1,1,1,2.72
26.05,4.41,339.2,23,1,1,1,5.09
14.94,1.62,102.3,16,0,1,0,1.99
15.09,3.28,168.4,23,1,1,0,2.9
15.83,3.31,164.2,2,0,1,1,2.31
19.76,0.72,208.1,28,0,0,0,2.7
19.69,5.16,246.2,15,0,1,1,3.16
22.08,1.91,249.5,13,1,0,2,3.84
13.41,4.0,141.3,16,0,1,0,1.74
19.84,1.27,172.5,31,1,1,1,2.98
15.84,5.02,206.2,14,1,0,1,3.52
20.53,1.49,166.3,14,1,1,1,2.53
31.6,0.52,305.6,71,1,1,1,5.53
17.99,5.22,221.8,22,0,1,1,2.75
27.35,0.69,240.1,10,1,0,2,3.91
22.4,1.27,234.7,19,0,1,0,2.9
19.63,6.49,273.0,8,1,1,1,4.14
9.86,6.52,198.6,5,1,1,0,2.59
6.94,2.2,87.7,15,0,0,0,0.9
22.72,2.5,215.0,41,0,0,1,3.38
13.98,1.69,136.1,41,1,1,0,2.96
16.88,1.19,145.4,7,1,0,1,2.46
24.02,1.3,229.0,12,1,1,0,3.24
24.57,2.73,277.9,5,1,1,1,3.55
20.52,3.29,186.6,82,0,1,0,3.45
22.45,3.64,208.2,61,0,1,0,3.29
24.27,3.62,312.7,17,1,1,1,4.09
17.76,0.69,203.1,25,0,1,0,2.67
27.21,1.86,380.1,20,1,1,0,5.16
20.36,0.62,227.4,14,1,0,1,3.68
9.28,2.09,52.9,2,1,1,0,1.67
18.52,1.67,241.5,10,0,1,0,2.97
12.81,4.87,213.6,18,1,0,0,2.96
31.98,1.36,281.7,18,1,1,1,4.11
17.0,0.75,235.5,8,1,1,0,3.09
19.16,0.81,174.6,44,1,0,0,3.09
6.62,3.37,93.2,4,0,1,0,0.9
11.51,2.43,169.3,11,1,1,0,2.46
16.67,0.71,121.2,19,1,1,0,2.28
23.22,0.68,141.5,19,0,0,4,3.39
21.26,2.91,229.1,17,0,1,1,3.11
25.39,0.65,310.2,6,0,0,1,3.59
15.71,3.95,214.6,4,1,1,1,3.43
6.89,2.95,95.3,16,1,1,0,2.17
16.02,0.67,218.3,15,1,0,0,3.07
22.28,0.68,274.7,4,1,1,1,3.91
12.2,9.13,139.3,19,0,1,1,2.5
17.12,1.44,174.9,10,1,1,1,3.16
13.8,1.43,186.1,18,1,0,0,2.12
10.4,3.85,126.1,28,1,1,0,2.45
23.96,6.38,233.6,4,1,1,2,3.6
13.06,9.04,175.9,1,0,1,0,2.59
17.39,3.3,216.5,24,1,0,0,3.11
17.23,1.44,118.4,15,1,1,1,2.25
16.4,0.67,152.2,19,1,1,1,3.18
23.78,3.5,239.2,28,1,1,2,4.55
14.6,2.13,157.0,25,1,1,0,2.73
31.71,1.6,314.5,50,0,1,1,4.82
9.62,5.24,155.0,13,1,1,0,1.75
25.03,0.74,201.9,11,0,1,3,2.93
27.89,1.86,254.9,9,0,0,0,2.37
10.8,0.52,78.6,4,0,0,0,1.25
7.42,1.76,52.9,14,0,1,0,1.86
16.41,0.62,70.6,6,1,0,3,2.35
23.32,0.75,279.7,39,1,1,0,3.76
13.56,0.75,143.6,14,1,0,1,2.66
27.24,2.6,376.9,14,0,1,0,3.85
13.77,3.24,142.7,8,0,1,1,2.24
12.73,2.25,198.8,2,0,0,0,2.0
21.81,7.05,300.7,1,1,0,1,4.02
28.12,1.44,335.5,9,0,1,1,4.3
25.0,1.17,339.6,2,1,1,0,3.76
17.68,4.56,275.6,15,1,1,0,4.0
24.14,1.01,261.8,33,1,1,1,4.31
22.3,7.11,229.4,33,1,1,1,4.24
20.61,0.52,243.4,17,1,1,0,3.03
11.61,7.51,143.7,5,1,0,0,1.85
33.98,0.59,123.6,31,1,1,2,3.21
20.35,4.94,184.7,34,0,1,2,3.63
16.05,2.0,172.2,4,0,1,1,2.58
19.47,10.0,151.0,21,0,1,3,3.63
33.77,0.65,237.2,6,1,1,0,3.61
25.2,2.11,256.6,25,0,1,1,3.87
19.79,7.47,191.6,85,0,0,0,3.58
30.42,1.98,295.8,1,1,0,3,4.39
16.09,2.49,99.4,35,1,1,2,3.75
13.98,2.88,170.5,16,1,1,0,2.92
18.5,1.71,131.2,55,1,1,0,3.6
6.4,2.48,50.0,10,0,0,0,0.96
22.24,2.26,178.8,29,0,0,3,3.5
9.8,5.13,175.9,2,1,1,0,2.24
25.15,0.59,298.5,7,0,1,1,3.51
19.07,1.16,232.3,2,0,0,1,2.48
18.27,6.51,108.2,57,0,1,1,3.19
21.23,4.92,324.1,26,1,1,0,4.21
24.62,1.72,276.6,30,0,0,1,4.11
20.79,2.44,228.7,43,1,0,1,3.36
16.57,1.15,168.0,2,1,1,1,2.5
10.81,0.92,113.0,8,1,1,0,2.31
11.05,1.75,157.1,2,1,1,0,2.35
22.4,1.37,266.7,5,0,1,1,3.35
22.32,2.25,326.3,5,1,1,0,4.09
22.97,0.66,300.7,10,1,1,0,3.3
5.03,7.83,148.3,6,1,0,0,1.89
13.75,9.07,101.0,3,0,0,2,1.91
16.1,2.9,195.6,4,1,1,1,2.44
4.56,2.04,52.4,3,0,1,0,1.22
25.14,1.24,209.2,55,1,1,1,4.02
15.31,3.86,173.9,22,1,1,1,3.01
21.89,2.81,150.0,53,1,1,2,3.79
6.67,0.85,65.4,10,1,1,0,1.72
16.04,5.34,223.5,6,1,0,1,2.87
19.3,3.96,145.0,25,1,1,2,3.53
15.44,6.48,97.3,7,0,0,2,2.36
6.2,3.09,50.0,6,0,0,1,1.33
12.79,2.4,182.9,5,1,1,0,2.45
28.33,1.58,317.9,3,1,1,2,4.46
26.73,5.9,309.6,5,0,0,1,3.47
13.45,4.52,150.7,8,1,0,0,2.56
14.77,0.59,139.8,18,1,1,1,2.97
19.85,0.55,220.2,2,0,1,1,3.23
16.23,1.44,110.1,5,0,1,2,2.66
18.93,3.83,207.6,26,1,0,2,3.39
13.83,9.23,242.5,3,1,1,1,3.23
19.86,0.83,277.0,7,1,1,0,3.34
16.78,2.3,177.5,31,0,0,0,2.8
19.51,1.46,169.7,4,1,1,0,3.02
17.51,7.51,119.2,2,1,1,0,1.85
11.02,4.19,123.0,11,1,1,1,2.62
11.08,4.14,168.0,6,1,0,0,2.5
20.89,1.76,212.6,13,0,1,0,2.64
20.67,1.57,253.5,25,0,1,0,3.72
15.27,1.14,124.8,3,0,1,1,1.75
28.62,0.62,297.0,14,1,1,2,4.66
13.13,4.5,164.7,12,1,1,1,3.16
17.62,3.85,183.4,3,1,1,2,3.67
3.48,10.0,129.0,16,1,1,0,2.37
3.13,10.0,50.0,6,0,0,1,1.69
16.86,2.12,251.3,11,1,0,0,2.96
15.27,3.43,240.3,2,1,1,0,2.72
8.09,6.29,163.9,10,1,1,0,2.23
19.36,4.29,190.0,6,0,1,1,2.31
21.11,1.07,223.7,27,1,0,1,3.4
6.77,1.7,67.8,2,1,1,0,1.68
13.12,0.78,145.3,9,1,1,0,2.28
18.09,6.66,244.6,10,0,1,1,3.32
13.61,2.36,90.9,20,1,1,2,3.3
22.46,1.02,207.0,14,0,1,1,2.88
8.09,2.73,83.3,18,0,1,0,2.43
22.04,2.43,220.0,24,1,1,2,4.27
26.51,1.39,182.3,31,0,0,3,3.72
8.88,0.74,63.9,7,1,1,1,1.99
22.68,2.73,272.4,13,0,1,1,3.24
15.26,1.97,129.9,28,1,1,1,2.99
14.21,3.46,124.2,69,1,1,0,2.73
19.39,1.97,200.0,34,1,1,0,3.66
21.01,4.32,271.1,8,1,1,1,2.88
13.49,2.11,108.8,4,0,1,1,2.06
15.94,2.15,189.6,11,1,1,0,2.39
15.48,4.69,217.2,21,0,1,0,2.65
20.29,1.53,237.0,11,1,1,1,3.34
16.6,0.79,198.2,11,0,0,0,2.88
14.5,0.56,157.5,28,1,1,0,2.49
18.15,3.31,122.9,8,1,1,0,2.42
24.74,2.44,191.5,30,1,1,2,4.28
13.17,2.94,104.6,9,0,1,2,1.82
9.9,0.98,50.0,7,1,1,2,2.16
16.31,0.79,217.7,10,1,1,0,3.39
24.67,0.53,252.8,23,1,0,2,3.69
5.32,1.36,50.0,3,0,1,0,1.52
11.7,2.28,109.3,4,1,1,1,2.35
29.09,1.5,231.4,46,1,0,2,4.35
27.81,1.65,339.3,4,1,0,1,4.02
12.38,5.19,186.6,14,0,1,0,2.58
12.15,1.36,130.4,14,0,1,0,1.74
19.3,1.94,171.3,11,1,1,2,3.31
25.96,3.56,288.1,17,1,1,1,4.16
16.91,1.51,136.6,5,1,1,1,2.65
20.42,2.45,125.1,13,1,1,2,3.17
8.92,4.47,148.8,8,1,0,0,1.93
12.03,6.47,113.5,17,0,1,1,2.54
13.99,0.82,194.2,3,1,1,0,2.65
20.91,5.72,306.9,14,0,1,0,2.96
13.57,1.86,209.2,4,1,0,0,2.39
16.87,1.1,166.1,6,0,1,1,2.28
18.97,1.73,163.1,5,1,1,2,2.93
2.88,8.33,67.8,4,1,1,1,1.88
19.09,1.86,251.2,27,1,1,0,3.73
15.26,1.3,179.2,6,1,1,1,2.77
14.41,2.51,171.5,40,1,1,0,3.24
37.18,1.05,424.5,54,0,1,1,5.59
16.82,0.66,207.4,14,0,1,0,2.41
18.35,0.78,128.6,3,1,1,3,3.19
17.84,0.77,153.0,8,1,1,2,3.44
34.4,0.83,271.1,25,1,1,1,4.11
15.13,0.8,193.5,8,1,1,0,2.87
7.89,2.55,77.1,2,1,1,1,2.44
24.29,0.9,253.9,13,0,1,1,3.52
21.88,1.35,134.9,29,0,0,2,2.38
24.85,5.04,325.5,25,0,1,0,3.89
24.01,1.78,266.0,4,1,1,2,3.82
14.21,2.7,151.5,18,0,1,0,2.82
25.56,0.88,281.1,5,0,0,1,3.37
15.69,0.93,190.1,5,1,0,0,2.24
25.82,0.58,249.0,32,1,1,1,4.2
21.72,0.87,221.4,5,0,1,0,2.6
13.66,1.15,121.5,6,1,1,0,1.58
11.99,0.89,136.7,1,1,1,0,2.37
21.34,0.69,262.2,32,1,0,0,3.42
19.18,0.76,159.9,25,1,1,1,3.61
15.8,1.74,154.7,16,1,1,0,2.52
10.41,0.96,113.4,22,0,0,0,2.28
29.66,1.41,216.8,3,0,0,1,2.82
24.7,1.9,339.7,10,0,1,0,3.91
13.61,2.84,104.9,7,1,1,2,2.63
25.04,0.58,186.8,2,0,1,2,3.14
17.78,3.71,290.9,11,1,0,0,2.83
18.15,2.48,179.0,39,1,0,1,3.37
18.14,0.67,218.9,2,1,1,1,2.75
6.08,4.64,105.3,6,1,1,0,1.62
13.6,5.57,217.1,4,1,0,1,2.75
16.53,0.63,171.0,5,1,1,1,3.07
21.98,1.15,258.9,37,1,1,0,3.77
28.73,3.78,274.1,10,1,0,0,3.2
41.39,3.26,379.2,10,0,1,1,4.28
18.16,0.91,228.5,22,1,1,0,3.59
17.93,0.97,209.4,4,0,0,0,2.26
16.31,1.43,199.6,11,1,0,1,3.09
11.04,1.83,158.5,9,1,1,0,2.28
16.08,2.43,210.4,15,0,1,0,3.03
27.51,1.42,162.8,85,1,1,0,4.37
22.09,1.74,197.6,23,1,1,0,3.03
19.57,3.25,283.8,9,0,1,0,2.98
12.51,0.57,109.5,27,1,0,1,2.13
20.05,1.08,270.5,4,0,1,0,2.68
18.97,3.0,283.8,1,1,1,0,2.64
19.48,5.01,176.1,4,1,1,3,3.42
3.46,1.93,50.0,7,1,0,0,1.45
13.48,2.02,139.4,12,1,1,0,2.34
23.05,0.73,282.3,15,0,1,0,3.96
25.53,1.69,183.3,37,0,1,1,3.2
16.18,2.02,110.1,12,1,1,2,2.79
15.58,1.06,147.1,11,1,1,1,3.12
21.34,1.13,248.0,2,0,1,0,2.15
21.88,1.45,226.0,2,1,1,1,2.8
14.05,0.54,167.1,13,1,1,0,2.8
12.54,1.28,157.5,10,1,1,0,2.4
25.75,0.98,155.6,28,1,1,2,3.55
12.27,1.29,115.8,4,0,1,1,1.83
22.02,0.76,306.2,1,0,1,0,3.24
18.53,4.92,160.8,10,1,1,3,3.44
24.89,2.3,276.3,5,1,1,1,3.73
25.13,2.77,299.1,2,1,1,1,3.49
26.38,3.61,259.9,20,1,1,1,3.82
12.42,1.88,152.6,3,1,1,0,2.89
20.23,0.68,215.3,15,0,1,1,2.99
19.07,2.04,183.2,6,1,0,2,3.15
13.12,2.27,117.2,4,1,0,1,2.16
13.47,3.24,209.3,8,1,1,0,2.89
9.25,1.63,96.6,25,1,1,0,2.41
22.28,0.77,274.1,8,1,1,1,3.83
15.59,1.17,150.2,22,0,1,0,2.43
21.78,1.4,200.1,3,1,1,1,3.01
18.71,2.58,206.2,23,0,1,0,2.84
23.67,2.19,165.6,5,1,1,1,2.76
24.09,1.38,229.0,18,1,0,3,3.65
19.85,9.11,149.4,14,1,1,3,4.46
28.66,2.36,250.3,41,1,0,2,4.64
9.32,1.04,84.1,8,1,0,1,1.74
25.59,0.71,194.5,2,1,1,1,3.07
26.74,0.83,330.4,1,0,1,1,3.36
16.59,1.06,110.0,27,0,1,0,1.97
15.56,0.85,134.2,12,1,1,0,1.87
23.71,0.91,223.5,23,1,1,1,3.63
21.15,1.17,198.5,5,1,1,2,3.01
15.52,0.88,211.3,7,1,1,0,2.95
13.01,5.04,221.7,1,1,0,0,2.8
28.2,0.67,232.6,50,0,1,2,4.11
22.01,1.99,268.2,18,1,0,0,3.35
29.85,1.56,215.7,42,1,1,3,4.5
11.15,8.58,166.9,6,1,0,0,2.41
17.46,0.74,235.4,15,1,1,0,2.98
28.57,1.51,327.5,18,0,1,0,3.92
13.11,7.48,175.1,7,1,0,0,1.8
11.44,4.51,111.9,29,1,1,0,2.17
21.1,3.9,268.0,45,0,1,0,3.41
15.32,1.1,176.0,33,1,1,0,3.13
15.36,0.87,50.0,21,0,1,3,2.89
18.54,2.71,248.6,6,1,1,0,3.19
10.95,5.8,144.9,6,1,0,1,2.33
30.11,2.13,178.2,51,0,1,1,2.71
17.46,2.2,209.9,1,1,1,1,3.11
15.56,1.16,199.3,20,1,0,0,3.03
21.76,3.43,238.2,19,1,1,1,4.49
21.9,0.91,152.3,16,1,1,2,3.21
33.89,1.28,223.5,70,0,0,2,4.29
22.21,1.61,165.5,7,0,1,2,3.06
18.52,1.92,240.4,7,0,1,0,2.69
27.92,1.06,231.2,2,0,1,3,4.17
13.86,0.74,114.8,10,1,1,0,1.88
19.06,2.39,266.4,6,1,1,0,3.18
16.87,1.18,144.8,7,1,1,2,3.36
17.84,2.24,245.6,28,1,0,0,3.42
18.76,0.84,212.5,42,1,1,0,3.89
28.25,1.81,322.9,4,0,1,1,3.63
13.87,2.02,168.2,8,1,0,1,3.08
18.21,0.61,158.8,41,1,1,1,2.99
14.85,1.32,183.5,2,1,0,1,2.22
17.59,0.79,162.3,2,0,1,1,2.82
24.12,0.63,245.0,4,0,0,2,3.34
3.13,9.7,63.8,15,0,1,0,1.79
7.68,1.28,106.0,3,1,1,0,1.94
11.43,3.82,104.9,53,0,1,0,2.6
22.41,1.09,256.3,10,1,1,1,3.25
30.07,2.79,313.3,11,0,0,3,4.42
14.65,3.36,177.2,5,1,1,1,3.33
17.54,2.31,172.3,11,1,1,2,3.42
18.81,1.78,190.3,17,1,0,0,2.87
29.6,1.56,272.1,22,0,1,2,4.31
12.74,1.36,115.4,22,1,1,1,2.46
12.62,5.81,202.9,14,0,1,0,2.86
35.86,4.05,258.1,36,1,1,3,4.89
18.25,7.21,222.6,27,1,1,1,3.64
16.67,0.77,199.2,22,1,0,0,3.46
21.98,3.13,260.1,2,1,1,1,3.7
5.99,6.07,50.0,1,1,1,1,1.63
19.38,0.9,235.8,5,1,0,0,2.81
13.92,0.64,135.9,17,0,1,0,2.14
4.63,3.2,50.0,9,1,1,0,2.09
16.05,2.21,223.3,9,0,1,0,2.68
32.5,4.19,288.0,33,1,1,2,5.43
18.44,0.8,174.7,35,0,1,0,2.41
24.79,3.67,256.5,37,1,1,2,4.58
27.41,0.95,305.9,7,1,1,0,3.36
28.9,0.86,283.6,19,1,0,1,3.7
32.6,0.86,308.0,6,1,1,0,3.44
25.01,3.87,240.7,4,0,0,2,3.09
33.23,2.69,190.7,4,1,1,2,3.92
5.63,1.98,64.9,7,1,1,0,2.09
17.65,1.39,166.5,9,0,1,0,2.33
11.46,4.69,121.8,28,1,0,0,2.19
33.04,1.5,347.8,3,0,1,3,4.54
11.85,3.89,171.8,21,1,1,0,3.02
23.66,1.66,194.2,12,0,0,0,2.38
21.96,1.45,226.4,6,1,1,2,3.69
25.93,1.74,188.3,11,1,0,3,3.89
27.12,1.22,312.1,6,1,1,2,4.68
12.03,3.25,138.3,15,0,0,1,2.26
17.06,1.9,199.6,10,1,0,1,2.76
12.52,1.03,129.3,4,1,1,1,2.12
9.89,5.1,86.0,3,0,1,1,1.92
14.0,1.47,139.1,13,0,1,0,2.72
20.56,2.07,182.2,36,0,0,2,3.14
9.45,5.24,152.8,7,0,1,0,2.39
13.9,2.46,133.1,21,1,1,1,2.68
10.7,0.75,79.5,17,1,1,1,2.23
19.87,6.12,178.8,41,0,1,1,3.62
8.86,2.48,72.1,27,0,1,0,1.74
20.51,1.32,242.0,14,1,1,1,3.69
19.29,0.8,191.2,17,1,1,1,3.34
7.71,3.66,75.7,35,0,1,0,1.8
11.34,2.44,161.8,9,1,1,0,2.74
12.23,2.02,128.6,7,1,1,1,2.55
14.78,4.99,208.9,1,1,0,0,2.07
25.02,3.61,285.5,27,1,0,0,3.36
13.76,0.83,50.0,25,0,1,1,1.07
17.09,1.25,193.6,3,1,1,1,3.02
17.95,1.07,173.0,14,0,1,1,3.16
22.44,3.22,235.4,10,1,1,2,3.57
20.41,0.57,201.0,3,1,1,1,3.24
32.81,2.19,128.6,60,0,1,2,3.86
9.83,3.37,161.1,5,1,1,0,2.16
5.46,4.69,125.3,2,1,0,0,2.3
21.97,1.34,265.7,15,1,1,0,3.34
17.25,3.94,186.6,21,1,1,0,3.52
26.64,0.73,327.6,1,1,1,0,3.15
14.17,4.25,180.5,17,0,0,0,2.2
21.9,0.77,131.9,12,0,1,1,2.35
7.83,1.51,71.5,3,0,1,0,1.32
11.06,3.69,50.0,4,1,1,1,2.09
15.61,0.82,66.2,14,1,1,0,2.83
19.29,1.02,205.0,6,1,1,0,2.9
24.03,3.06,223.2,43,1,1,2,4.45
8.85,3.05,66.4,27,1,1,1,2.14
28.87,2.55,252.1,63,1,1,2,4.51
12.07,2.87,148.8,6,0,1,0,2.36
21.69,2.06,196.0,53,1,0,0,3.26
24.94,1.08,305.9,9,1,1,1,4.81
26.75,1.35,252.3,7,0,0,3,4.12
26.26,0.9,164.9,2,1,1,4,4.06
6.34,5.28,118.2,2,0,1,0,1.8
9.39,2.25,50.0,19,0,1,1,2.0
17.25,1.52,131.1,10,0,1,2,2.54
15.39,1.74,169.2,5,1,0,1,2.13
5.24,6.39,111.0,15,0,0,0,1.52
17.52,0.83,175.2,5,1,1,0,2.5
24.0,2.26,190.8,14,0,1,3,3.51
23.06,1.91,168.1,8,1,1,2,2.92
12.28,2.39,136.2,27,1,1,0,2.41
17.39,0.54,197.6,27,1,1,0,3.43
19.05,4.61,218.1,11,1,1,2,3.99
4.12,5.88,103.2,7,0,0,0,1.52
25.18,2.17,290.8,8,0,1,1,3.76
13.18,2.89,177.6,26,0,0,0,2.1
12.61,5.61,186.4,7,1,0,1,2.59
20.14,2.96,238.1,5,0,0,1,3.0
17.48,0.83,202.5,2,1,1,1,2.76
21.56,2.22,256.5,10,0,1,1,3.38
18.43,2.37,206.5,11,0,1,0,2.19
21.64,1.6,139.1,29,1,1,1,2.6
20.12,3.17,212.1,5,0,1,2,3.52
3.5,5.95,99.2,8,1,0,0,2.06
27.17,5.7,193.1,26,1,0,3,3.88
16.06,1.7,182.5,27,1,0,1,2.74
26.23,0.74,169.4,8,1,0,2,2.45
8.03,8.88,175.4,10,0,1,0,2.86
7.02,4.15,50.0,6,1,1,0,1.55
14.76,0.77,143.8,41,1,1,0,2.79
19.4,5.57,192.0,3,1,1,1,2.89
15.11,4.58,197.0,42,0,0,0,2.34
12.28,1.96,107.9,18,0,1,0,2.11
26.14,2.29,279.9,12,0,1,2,4.58
9.57,1.52,120.0,1,0,1,0,1.45
28.53,0.61,257.7,11,1,1,2,4.8
17.18,1.32,217.0,9,1,1,0,2.88
13.62,3.75,136.5,4,1,0,0,2.47
24.82,0.51,318.1,17,1,1,0,3.98
23.31,1.31,95.5,54,0,1,2,3.44
22.62,1.52,253.9,13,1,1,1,4.24
35.0,2.04,260.0,20,0,1,2,4.21
14.0,5.55,134.7,2,1,1,0,2.23
22.48,1.35,289.4,9,1,0,1,3.11
16.52,1.35,166.2,3,1,1,0,1.94
25.07,3.18,206.7,15,0,1,2,3.59
22.07,1.7,204.5,43,0,1,1,4.04
22.59,1.01,174.9,17,0,1,2,3.28
16.32,1.7,245.8,2,1,1,0,2.83
25.36,0.8,244.5,8,0,1,1,2.66
5.66,0.89,53.9,13,1,1,0,1.46
18.46,1.88,282.8,9,1,0,0,3.28
8.71,1.59,60.3,28,0,1,0,1.49
18.56,5.43,262.4,26,1,1,0,3.33
27.85,1.4,269.5,15,0,1,1,3.54
16.48,2.24,103.2,8,1,1,0,2.42
13.32,2.5,154.2,5,1,0,1,2.74
10.9,0.53,102.1,3,0,0,1,1.86
22.83,2.68,168.9,8,1,1,3,3.77
17.08,0.89,161.9,9,0,0,1,2.54
13.89,6.99,243.5,18,1,0,0,3.07
21.71,0.82,283.3,17,0,0,0,2.98
23.92,1.57,289.7,2,1,1,1,3.98
14.73,0.68,142.8,9,1,1,1,2.65
8.07,10.0,169.3,4,1,1,0,2.08
8.11,1.9,58.7,4,1,0,1,2.18
18.78,2.31,124.6,27,0,1,1,2.08
25.7,0.64,257.4,2,1,1,2,4.35
20.4,3.27,306.2,9,1,1,0,3.78
17.08,0.97,92.4,4,1,1,2,2.33
11.61,5.07,140.6,33,1,1,0,2.79
19.86,0.96,183.0,13,0,0,2,2.9
20.93,0.92,206.0,5,0,1,1,3.09
13.14,0.57,124.3,11,1,0,1,2.65
27.37,1.78,216.8,21,0,1,2,3.79
21.21,2.16,149.5,49,1,1,2,4.2
19.32,0.64,183.9,5,1,1,1,2.94
20.92,3.49,226.0,34,0,1,1,4.12
17.57,1.71,185.5,42,1,1,0,3.69
27.17,1.99,152.3,38,0,1,1,2.94
21.15,1.66,176.8,16,0,1,1,3.08
18.5,1.52,178.4,16,1,0,2,3.56
15.28,2.14,157.2,9,0,1,1,2.46
15.48,0.84,165.6,22,0,1,0,2.36
24.59,0.9,304.9,12,1,1,0,4.04
21.62,4.46,227.1,18,0,1,1,3.27
14.05,6.34,162.8,9,1,1,1,2.96
20.76,1.43,237.3,21,0,1,0,3.44
19.11,1.13,160.0,27,0,1,0,3.28
24.32,2.57,273.0,3,1,1,2,3.89
19.71,1.55,212.7,28,1,1,1,3.6
21.4,0.55,177.0,13,0,0,2,3.0
28.1,0.84,218.6,29,1,1,1,3.76
10.93,3.02,67.2,9,1,1,1,2.23
10.43,2.65,100.5,8,1,0,1,2.02
18.59,0.55,95.5,38,1,1,2,2.94
26.4,1.0,195.7,5,1,1,2,3.99
25.38,1.03,314.9,29,1,1,0,4.28
24.18,2.73,352.3,11,1,1,0,3.91
30.59,0.54,232.9,12,0,1,1,3.33
26.91,0.72,222.6,7,1,1,2,4.27
2.79,3.72,50.0,14,1,0,0,1.24
11.38,0.89,144.3,7,1,0,0,2.16
8.7,2.62,125.9,2,1,1,0,1.63
10.49,1.04,138.4,6,1,1,0,2.19
20.18,0.71,172.4,1,1,1,0,2.58
22.34,1.06,149.6,58,1,1,2,3.82
13.17,3.06,50.0,52,0,1,0,2.08
16.15,4.37,241.1,9,0,1,0,3.05
15.55,4.05,104.5,21,0,1,2,2.93
14.87,1.51,202.9,7,0,1,0,2.12
32.47,2.71,340.6,18,0,0,2,4.5
15.66,0.96,116.0,26,1,1,1,3.02
10.39,1.19,50.0,45,0,0,0,1.83
13.83,5.03,163.5,9,1,0,2,3.41
24.92,0.53,267.6,24,0,1,1,3.54
26.2,0.68,331.9,6,0,0,1,3.8
19.45,0.97,92.8,71,1,1,2,3.61
26.01,0.55,222.3,1,1,1,3,3.52
19.65,0.9,150.1,15,1,1,2,3.54
18.86,2.25,177.1,17,0,1,1,2.86
29.75,1.59,383.3,18,0,1,0,3.99
6.7,4.96,72.3,3,0,1,1,1.42
19.26,3.9,204.0,43,1,1,1,4.14
18.87,1.34,220.1,4,0,1,1,2.49
24.34,1.1,266.4,16,1,1,0,3.75
16.69,1.46,192.3,5,0,1,0,2.47
19.56,2.28,208.1,7,1,1,2,3.17
15.13,1.12,155.6,13,1,1,1,2.94
22.14,2.46,205.2,9,1,1,1,4.02
18.3,1.55,159.3,4,0,1,1,2.81
20.53,2.11,231.6,4,0,0,1,2.58
15.38,1.65,157.3,9,1,1,1,3.05
16.86,1.2,213.3,22,1,1,0,2.72
24.63,6.43,182.8,35,0,1,1,2.85
25.06,3.38,269.5,2,1,0,2,3.78
20.85,0.8,181.1,8,0,1,2,3.27
9.0,4.56,52.0,3,1,1,1,2.12
30.33,1.84,279.6,1,1,1,3,4.7
11.34,5.0,117.1,17,0,1,1,2.53
10.69,3.72,136.0,15,0,1,0,1.6
12.87,1.61,140.3,4,1,1,1,2.58
19.79,0.55,288.1,5,1,0,0,3.5
8.06,1.13,50.0,1,0,1,0,1.25
36.23,2.06,420.3,28,1,1,2,5.78
26.29,2.51,264.2,56,0,0,0,3.83
27.57,1.1,201.7,3,1,1,0,2.77
14.63,0.8,180.9,5,1,0,1,2.16
20.09,4.1,206.4,31,0,1,1,3.72
19.56,8.82,224.1,40,0,0,1,3.46
22.68,1.99,233.4,9,1,1,1,3.66
21.57,0.88,226.7,2,0,0,1,2.06
19.19,1.14,191.7,2,1,0,2,3.67
20.18,0.54,170.2,14,1,1,2,3.09
12.9,5.41,173.7,8,0,1,0,3.01
22.53,0.75,170.4,1,0,1,0,2.72
24.87,2.22,270.0,14,0,0,2,3.34
24.9,1.14,229.5,1,1,1,1,3.5
14.05,2.12,50.0,24,1,1,3,2.77
26.3,2.61,234.2,6,1,1,0,2.8
16.77,4.04,199.6,2,1,1,1,2.85
19.31,0.96,183.6,14,0,1,1,2.98
19.02,0.52,155.9,9,1,0,2,3.12
25.13,0.79,269.3,56,0,1,0,3.61
17.97,5.11,256.1,13,1,0,1,3.64
6.74,4.64,127.0,6,1,1,0,2.07
18.16,2.32,215.5,20,1,1,1,2.98
8.33,2.34,112.1,6,1,1,0,1.89
11.82,2.69,81.5,36,1,1,0,2.87
12.7,0.89,138.0,8,0,0,0,1.64
16.29,5.42,249.7,13,1,0,1,2.91
22.99,1.59,256.5,2,0,1,0,3.04
20.52,1.47,223.5,9,1,1,1,3.09
27.21,1.96,239.4,28,0,1,0,3.24
19.74,0.6,223.7,26,1,0,0,3.06
13.74,0.86,136.9,5,0,0,1,2.62
14.12,3.18,217.4,5,1,0,0,2.59
22.65,0.67,245.0,26,0,1,0,2.84
22.86,2.35,241.6,41,0,1,1,3.71
18.5,1.06,274.2,3,1,1,0,2.88
16.97,1.49,238.1,10,1,1,0,3.04
18.76,1.18,211.4,7,1,1,1,3.76
23.27,1.38,265.3,32,0,1,0,3.84
15.94,3.04,183.0,2,1,1,1,3.52
8.13,1.21,118.9,5,1,0,0,1.99
17.64,2.17,172.8,22,1,0,1,3.07
13.36,1.79,129.1,2,1,1,1,2.17
13.71,2.68,134.4,11,0,1,1,2.48
11.64,6.02,174.2,10,1,1,1,2.95
10.88,3.14,125.6,7,0,0,1,2.28
15.82,0.98,161.9,9,0,0,1,2.04
7.53,0.56,50.0,12,1,0,1,1.86
14.88,1.11,201.0,4,0,0,0,1.72
18.23,2.31,185.1,14,1,1,1,3.26
14.48,0.61,123.7,26,0,1,0,2.41
23.13,1.87,234.4,22,1,1,2,3.63
23.89,2.32,255.3,4,0,1,2,3.22
14.27,1.31,64.4,3,1,0,3,2.19
15.16,3.45,127.8,6,1,1,1,2.49
13.02,0.73,127.3,8,1,1,0,1.76
11.43,0.66,114.5,9,1,1,0,2.51
26.33,3.11,247.2,18,0,0,3,4.17
12.44,1.87,170.5,2,1,1,0,2.58
16.0,2.83,165.2,2,0,1,0,1.58
4.39,1.64,50.0,8,1,1,0,1.95
29.68,1.07,232.7,19,0,1,0,3.14
9.95,3.92,92.1,4,1,1,1,2.01
13.86,3.71,189.5,16,1,0,0,2.17
13.15,2.87,205.8,6,1,1,0,2.74
24.69,1.14,287.0,34,0,0,0,3.34
10.03,2.28,86.8,35,1,1,0,2.27
13.49,1.4,50.0,6,0,1,3,2.21
15.28,0.69,198.8,5,0,0,0,2.41
23.73,5.49,320.0,9,1,1,0,2.96
28.21,0.79,277.9,5,0,1,2,4.25
14.34,6.5,200.7,18,1,0,1,3.47
18.0,1.68,148.1,27,1,1,2,3.59
24.3,0.91,245.5,18,0,0,1,3.18
13.79,2.06,112.0,27,0,1,0,2.46
16.28,4.63,220.7,9,0,1,0,2.63
15.51,3.14,222.9,4,1,1,0,2.78
23.88,3.79,264.5,21,1,0,2,4.48
31.11,2.65,392.0,8,1,1,1,5.32
15.28,2.86,214.4,18,0,0,0,2.28
14.3,4.28,146.8,6,1,0,0,2.22
15.63,1.07,183.1,2,0,1,0,1.88
11.35,1.84,52.3,75,1,1,0,3.07
13.7,1.0,132.9,4,1,1,1,2.31
17.51,9.29,154.3,68,1,1,1,4.36
11.72,6.27,145.7,58,1,1,0,3.3
16.95,0.58,196.4,25,1,1,0,3.09
14.65,2.95,123.3,17,0,0,1,2.72
19.34,5.69,269.1,14,0,0,1,3.11
21.55,0.9,185.0,31,1,0,1,3.51
11.48,2.18,184.3,6,1,0,0,2.2
12.26,5.44,160.4,10,1,1,0,2.84
16.69,0.57,196.6,15,0,1,0,3.11
17.85,2.89,246.9,9,1,0,1,3.28
15.29,1.21,120.0,9,0,1,0,1.18
10.2,5.66,135.6,7,1,0,1,2.22
14.25,7.58,162.2,13,1,1,2,4.09
6.15,6.27,84.1,30,0,1,0,1.8
10.18,1.79,123.6,4,1,0,0,2.4
14.96,4.46,149.3,42,1,0,1,3.05
36.31,4.22,250.6,19,1,1,3,4.4
25.69,1.27,204.7,27,1,0,0,3.21
17.82,4.03,199.5,13,1,1,1,3.45
22.05,0.58,248.8,24,0,1,0,3.43
15.53,2.31,174.7,1,0,0,1,2.32
25.72,1.02,214.3,27,1,1,2,4.36
16.75,0.76,177.3,2,0,1,1,2.85
18.64,0.66,204.9,34,1,1,0,3.66
15.19,2.88,141.3,73,1,1,0,3.4
4.49,1.33,50.0,6,1,1,0,1.83
13.99,3.08,174.9,5,1,1,1,2.74
23.72,0.64,291.7,23,1,1,0,3.75
21.31,1.26,254.5,5,0,0,0,2.58
26.47,2.05,257.4,31,1,1,2,4.18
16.61,3.63,277.7,3,1,0,0,2.56
13.61,1.27,191.6,3,1,1,0,2.96
20.82,2.47,199.8,59,0,1,0,3.27
15.5,4.84,138.7,18,0,1,2,2.89
14.91,2.41,161.3,29,1,1,0,2.65
25.7,1.03,231.2,7,1,1,0,2.91
23.58,0.55,275.3,18,1,1,1,3.81
16.92,4.58,174.5,15,1,1,2,3.88
19.23,0.54,151.2,15,1,1,2,3.13
20.42,4.65,185.0,18,1,1,0,3.35
20.03,2.01,230.1,14,1,1,0,3.46
13.47,6.1,76.7,9,1,1,2,2.45
10.66,3.71,50.0,6,1,0,3,2.62
20.85,10.0,143.7,23,0,1,1,2.87
13.81,1.36,93.4,5,0,1,2,2.6
15.88,3.42,146.9,19,1,1,2,3.64
18.67,1.53,173.9,5,1,0,1,2.75
17.61,1.81,151.0,16,1,1,0,2.24
20.09,2.48,293.9,22,1,0,0,3.78
13.05,4.64,209.5,5,0,1,0,2.41
9.41,8.78,207.5,2,1,0,1,2.06
20.01,3.42,231.7,3,0,0,2,3.33
8.47,1.58,99.6,15,0,0,0,1.38
31.46,1.59,262.9,29,1,1,1,3.95
19.03,3.18,179.3,2,1,1,2,3.28
24.09,1.05,235.3,21,1,1,1,3.24
12.01,0.73,104.6,7,1,1,0,2.02
9.41,1.38,68.5,11,1,0,1,1.87
26.96,1.18,246.3,41,1,1,1,3.93
21.03,1.2,213.2,7,0,1,1,2.96
12.48,1.03,117.3,10,1,1,1,2.03
10.85,0.59,119.8,1,1,1,0,2.0
24.51,0.54,269.4,2,0,1,1,3.44
10.63,9.3,95.8,5,0,0,2,2.26
33.27,1.62,308.2,1,1,1,1,4.12
17.45,1.47,117.5,16,0,1,2,3.11
21.57,2.78,232.9,9,1,1,1,3.42
12.74,0.99,160.4,13,1,1,0,2.87
15.32,6.49,230.2,4,1,1,0,2.9
12.24,3.59,144.2,6,1,1,1,2.46
19.31,0.69,172.8,17,0,0,2,2.9
18.4,1.58,188.1,51,0,0,0,3.1
10.32,4.73,109.8,2,0,0,1,2.14
18.35,6.29,240.6,34,1,1,1,4.01
18.96,1.76,146.5,14,1,0,1,2.45
11.18,2.4,167.9,13,1,0,0,2.84
14.29,0.87,110.4,11,1,0,0,1.47
0.72,9.96,50.0,2,0,1,0,0.94
13.1,1.03,170.7,2,0,0,0,2.17
25.19,6.22,365.9,15,1,0,1,4.96
18.4,2.6,243.8,7,1,0,0,3.03
20.15,2.37,183.6,38,1,1,1,3.7
13.22,1.94,165.3,9,1,0,0,2.22
13.42,1.02,186.7,3,1,0,0,2.52
24.56,0.89,226.0,20,1,1,2,4.05
21.49,1.0,96.4,6,1,1,1,2.06
21.7,0.91,268.6,12,1,0,1,3.5
19.88,3.52,238.7,19,1,1,1,3.43
20.14,1.36,238.9,36,1,1,0,3.64
22.09,0.62,217.9,25,0,1,0,2.99
15.06,7.45,186.5,18,1,0,1,3.54
19.11,4.8,235.5,18,0,1,1,3.16
16.14,5.76,229.4,45,1,1,0,3.68
7.32,10.0,158.4,6,1,1,1,3.16
13.62,0.88,142.0,1,1,0,1,2.9
17.49,1.51,192.6,6,1,1,1,3.2
29.99,3.34,301.2,5,0,0,0,2.93
9.96,2.88,92.1,17,1,0,1,2.13
8.4,0.83,74.9,16,0,1,0,1.07
21.68,3.88,197.4,15,0,1,1,2.7
17.46,1.01,188.8,1,1,1,1,2.96
17.7,1.01,198.0,21,1,1,0,2.95
15.03,2.04,203.3,7,0,1,0,2.65
17.89,2.3,168.3,17,1,0,2,3.23
27.31,2.24,296.7,13,0,0,0,2.92
10.74,0.69,64.9,7,1,1,1,2.16
15.8,4.7,122.9,3,1,1,3,3.99
17.39,1.12,177.3,2,1,1,1,2.76
16.21,0.78,61.8,28,1,1,1,2.5
17.07,4.89,171.8,39,0,1,1,3.51
21.31,6.73,309.6,17,1,0,1,3.85
21.32,4.46,186.6,3,0,0,1,2.83
12.5,3.82,202.3,9,1,1,0,2.32
12.04,2.63,90.5,21,1,0,1,2.22
16.08,2.1,138.8,24,1,1,1,2.9
18.83,0.68,156.9,3,1,0,2,2.96
11.4,1.55,161.2,1,1,1,0,1.72
32.82,1.43,281.1,20,1,1,4,5.65
21.85,1.1,226.8,8,0,0,1,3.0
6.82,3.07,101.6,5,1,1,0,2.25
16.79,1.87,203.5,1,1,0,1,3.33
20.71,0.67,222.4,13,0,1,1,2.92
21.55,1.0,270.5,30,0,1,0,2.72
35.27,2.8,303.5,48,1,1,1,5.13
10.59,0.66,108.9,14,1,1,0,2.07
24.93,4.31,124.2,12,0,1,3,2.79
9.22,1.87,90.7,2,1,1,1,2.34
14.79,1.81,167.4,13,1,1,0,3.34
23.53,2.29,220.0,8,1,1,3,4.09
23.46,3.98,259.1,15,0,0,1,3.56
19.14,1.35,179.3,8,1,1,1,2.7
10.11,2.77,161.0,5,0,0,0,1.38
24.47,2.17,196.4,2,1,1,2,3.69
10.74,1.12,122.4,7,0,1,0,1.98
25.27,4.72,341.7,3,1,1,1,4.05
13.92,3.69,64.4,4,1,1,0,2.11
24.5,2.65,198.9,67,0,1,0,3.1
28.48,4.3,336.8,10,1,1,0,3.53
17.46,4.54,185.5,12,1,1,2,3.36
18.9,2.96,170.7,32,1,1,2,3.7
15.97,4.13,158.2,82,1,0,0,4.15
13.3,2.89,171.5,14,1,1,0,2.67
25.31,2.78,288.0,26,0,1,0,3.47
8.99,2.43,50.0,7,1,1,2,1.96
23.68,3.29,300.0,6,1,0,1,4.05
12.89,0.85,78.2,9,1,1,2,2.26
14.56,4.76,165.0,18,0,1,1,2.4
15.72,4.61,152.8,18,0,1,1,2.56
18.15,0.56,229.1,7,1,1,0,3.02
9.46,4.0,65.1,3,1,1,1,1.76
17.21,0.78,219.7,16,0,0,0,2.79
29.24,1.32,336.8,3,1,1,1,4.07
9.63,3.22,82.8,14,0,1,1,2.36
22.67,0.85,199.2,19,0,1,2,3.63
21.21,3.91,135.4,19,0,1,3,3.9
19.07,4.07,216.9,22,1,1,0,3.04
19.67,1.92,186.4,32,0,1,1,3.48
15.29,0.51,136.9,11,0,1,1,1.88
19.4,1.18,221.6,21,1,1,0,4.06
22.55,2.42,320.3,15,1,1,0,4.1
9.28,8.45,170.7,4,1,0,0,2.16
24.29,2.5,239.0,1,1,1,2,3.65
9.88,1.1,88.0,6,1,1,1,2.15
12.39,2.51,113.3,10,1,1,1,3.06
27.78,2.05,220.4,15,1,1,3,4.53
27.14,3.53,296.3,29,1,1,2,4.62
22.78,0.73,211.7,4,1,1,2,3.2
12.7,3.36,161.5,3,0,0,1,2.61
21.93,2.06,184.9,51,0,0,1,3.65
5.23,7.09,91.2,3,1,1,1,2.4
19.85,1.34,230.3,11,1,0,0,2.84
22.75,2.5,251.2,14,1,0,2,3.8
9.9,5.88,151.1,13,0,1,0,2.67
18.53,0.72,149.7,2,0,0,1,2.67
11.35,6.04,204.9,2,0,1,0,2.57
10.77,2.83,152.2,3,1,1,0,2.57
16.11,0.64,180.0,14,0,1,0,2.49
27.34,1.22,342.5,13,1,1,1,3.99
17.18,2.96,166.5,5,0,1,0,1.84
16.38,0.64,158.1,16,1,1,0,2.93
11.47,2.25,136.4,27,0,0,0,2.51
21.4,1.35,240.8,2,1,0,1,3.48
13.63,2.44,171.4,11,0,0,0,2.2
20.39,0.59,136.3,19,0,0,1,2.7
16.72,4.6,284.1,5,1,0,0,3.16
28.26,7.76,291.5,7,1,1,4,5.26
8.63,7.44,140.0,15,0,1,0,2.06
15.05,3.27,50.0,35,1,1,3,2.98
20.98,0.78,260.6,26,1,0,0,3.66
17.9,3.34,133.7,14,1,1,3,3.93
21.97,0.55,244.3,21,1,0,0,3.92
6.46,0.54,50.0,8,1,1,0,1.64
28.82,1.28,251.9,16,1,1,1,3.42
6.7,1.84,94.2,10,1,0,0,1.66
20.28,3.44,239.8,4,1,1,1,3.36
23.92,2.8,186.1,19,0,1,1,3.01
18.0,1.68,113.5,13,0,1,2,2.81
20.24,1.14,154.5,8,0,1,1,2.6
15.91,10.0,236.5,37,1,0,0,3.67
14.91,1.61,192.9,1,0,1,0,2.32
22.99,1.7,228.8,7,1,1,2,3.1
25.91,0.86,333.2,2,1,1,1,4.17
12.51,3.67,67.7,23,0,0,2,2.33
25.43,2.87,306.3,19,0,1,1,4.1
20.9,1.0,192.8,7,0,1,1,2.67
12.15,0.67,117.6,18,0,0,0,1.87
6.95,2.78,85.2,9,1,1,0,2.03
12.28,2.63,170.8,22,1,0,0,2.56
38.52,1.14,254.1,10,0,1,1,3.54
8.63,6.53,175.4,9,1,1,0,2.6
29.85,0.83,298.3,42,1,1,2,5.07
5.63,1.63,76.2,5,0,0,0,0.5
22.89,6.25,184.1,3,0,0,2,2.49
16.77,1.59,91.1,14,1,1,0,1.67
21.87,2.54,212.3,53,0,1,0,3.52
25.74,1.51,251.5,8,0,0,1,3.45
12.2,1.14,153.4,2,0,1,0,1.93
9.18,8.77,50.0,7,1,0,1,1.99
14.82,1.55,199.9,12,1,1,0,3.03
11.32,4.99,217.8,4,1,0,0,2.66
19.4,1.02,215.3,17,1,1,1,3.63
28.91,0.98,277.7,85,1,1,0,5.0
15.2,0.56,104.7,10,1,1,1,2.39
21.29,2.61,236.0,8,1,0,2,3.77
29.83,1.42,274.4,9,0,1,0,3.51
11.23,4.5,51.6,3,1,1,3,2.81
18.13,1.78,209.0,33,0,1,0,3.1
11.03,7.4,147.2,9,0,1,1,2.19
18.04,0.91,178.9,8,1,0,1,3.22
17.32,4.56,211.1,17,0,0,0,2.11
13.14,3.5,148.5,10,1,1,1,2.28
10.34,3.45,134.3,17,1,0,0,2.33
11.06,4.23,187.6,2,0,0,0,1.78
15.29,3.36,103.5,26,1,0,2,3.27
21.46,2.47,103.6,43,0,1,0,1.88
17.15,0.78,236.0,17,1,0,0,3.32
23.91,0.57,98.8,47,0,1,2,3.48
17.42,5.57,235.0,3,1,1,1,3.38
17.93,2.42,219.7,11,0,0,1,2.25
10.8,3.68,55.6,15,1,1,0,1.23
12.67,1.81,134.2,14,0,1,0,2.13
26.13,0.75,274.6,9,0,0,2,3.61
13.92,0.77,111.4,7,1,0,2,2.85
10.86,2.81,150.2,3,0,1,0,1.94
18.66,1.63,219.7,8,1,0,0,2.67
22.55,0.95,243.8,4,0,1,1,2.4
18.98,1.85,166.1,21,1,1,0,3.0
13.82,0.63,140.2,5,0,0,1,1.93
20.06,2.24,291.7,2,0,1,0,2.95
22.1,1.13,315.4,13,1,1,0,3.46
20.94,3.69,258.4,15,1,1,1,3.31
34.91,1.24,191.4,32,1,1,1,4.01
19.09,1.71,124.4,14,0,1,2,3.01
12.53,0.52,122.7,7,1,0,1,2.57
22.09,0.65,224.2,25,1,0,0,3.03
22.73,1.5,216.4,13,0,1,1,2.57
21.39,1.81,290.1,2,1,0,1,4.19
26.97,2.33,233.8,14,0,1,2,3.78
12.27,1.19,72.3,37,1,1,1,2.76
19.33,2.87,263.9,9,1,0,1,3.38
9.53,4.43,110.1,6,0,1,1,1.49
10.82,3.53,156.2,3,1,1,0,2.65
26.77,0.58,203.8,3,1,1,4,3.97
27.48,1.81,334.7,10,0,1,1,4.14
29.26,0.72,418.2,15,1,0,0,4.68
20.42,1.05,230.5,2,0,1,0,2.68
21.9,9.13,171.3,43,0,1,0,3.07
21.53,0.81,225.1,22,1,1,0,3.64
18.33,1.88,251.6,14,1,1,0,3.06
14.18,2.43,160.9,27,0,1,0,2.58
20.68,2.92,319.6,2,1,1,0,3.53
15.72,2.14,202.3,11,1,0,1,2.49
19.08,0.52,222.3,16,0,0,0,2.68
29.14,1.29,234.9,27,1,1,3,4.99
23.32,1.96,216.6,24,0,1,1,3.73
20.82,0.68,247.9,6,1,1,0,3.66
12.91,1.36,138.7,43,1,0,0,2.24
13.7,0.57,143.1,3,1,0,1,2.89
14.4,0.66,102.5,32,0,1,0,2.22
20.93,1.51,218.0,54,0,0,0,3.8
24.08,0.78,243.4,4,0,1,2,3.41
19.67,2.18,219.3,20,1,1,1,3.4
22.91,2.84,310.6,2,1,1,1,3.56
14.45,3.72,184.6,9,1,1,1,3.29
24.42,0.95,235.2,12,1,1,1,3.68
13.24,0.87,103.1,14,1,1,0,1.77
16.06,0.72,156.0,42,0,1,0,2.14
19.57,2.52,237.2,18,1,1,1,3.78
23.53,2.95,248.7,11,0,1,1,3.47
19.94,0.56,163.0,26,1,1,2,3.33
20.16,6.0,179.6,46,0,1,2,3.5
8.66,0.61,71.2,1,1,1,1,2.19
19.67,2.06,158.2,62,1,1,1,4.46
19.47,2.97,251.8,2,1,1,0,2.91
18.92,4.6,228.1,26,1,1,0,3.08
17.48,3.0,222.5,6,1,1,1,3.39
17.69,3.74,188.7,3,1,1,2,3.56
16.41,1.33,185.5,10,1,1,1,2.97
9.26,3.87,135.5,16,0,0,0,2.51
38.73,0.67,237.4,8,0,1,3,4.23
15.27,5.0,216.6,2,0,1,0,2.36
17.21,2.09,221.9,15,1,1,0,2.6
16.0,3.9,145.5,36,0,1,0,2.98
8.81,1.7,50.0,8,1,1,0,1.92
24.08,2.56,267.3,5,1,1,1,3.55
13.33,1.99,149.1,10,1,1,1,2.9
9.2,3.13,120.3,2,1,0,1,2.16
21.62,0.67,237.0,27,1,1,0,3.59
14.51,0.62,155.6,27,1,1,0,2.48
34.54,1.07,264.5,14,1,1,2,3.85
19.5,0.85,231.3,8,0,0,0,2.75
26.33,4.61,236.3,25,0,0,1,3.57
8.6,0.99,82.6,13,0,1,0,1.47
26.01,7.95,275.9,27,0,0,2,3.82
16.38,1.32,204.6,16,1,1,0,3.3
27.24,0.9,157.3,24,0,0,1,2.42
13.15,3.62,195.8,15,0,0,0,2.38
10.78,2.65,51.8,9,1,1,2,2.37
26.79,1.88,215.6,49,1,0,2,3.86
13.12,2.12,107.8,13,0,1,1,2.28
7.36,3.04,83.5,15,1,1,0,2.0
20.18,1.02,70.8,5,0,1,1,1.87
12.9,10.0,268.5,16,1,0,0,3.32
8.13,7.86,137.8,14,1,1,0,3.02
22.44,2.6,300.0,4,1,1,1,4.23
19.47,0.95,144.8,2,1,0,2,2.81
7.84,2.78,56.9,15,0,1,0,1.49
12.24,0.65,101.3,23,0,1,0,2.5
20.42,0.56,277.7,12,1,1,0,3.72
